{
	"format_version": "1.8.0",
	"animations": {
		"animation.simplemoa.idle": {
			"loop": true,
			"animation_length": 0.25,
			"bones": {
				"LowerNeck": {
					"rotation": {
						"0.0": [0, 0, -1.25651],
						"0.0417": [0, 0, 1.82058],
						"0.0833": [0, 0, 0],
						"0.125": [0, 0, -1.25651],
						"0.1667": [0, 0, 1.82058],
						"0.2083": [0, 0, 0],
						"0.25": [0, 0, -1.25651],
						"0.2917": [0, 0, 1.82058],
						"0.3333": [0, 0, 0],
						"0.375": [0, 0, -1.25651],
						"0.4167": [0, 0, 1.82058],
						"0.4583": [0, 0, 0],
						"0.5": [0, 0, -1.25651],
						"0.5417": [0, 0, 1.82058],
						"0.5833": [0, 0, 0],
						"0.625": [0, 0, -1.25651],
						"0.6667": [0, 0, 1.82058],
						"0.7083": [0, 0, 0],
						"0.75": [0, 0, -1.25651],
						"0.7917": [0, 0, 1.82058],
						"0.8333": [0, 0, 0]
					}
				},
				"UpperNeck": {
					"rotation": {
						"0.0": [0, 0, -5.32059],
						"0.0417": [0, 0, 17.62428],
						"0.0833": [0, 0, -5.32059],
						"0.125": [0, 0, 17.62428],
						"0.1667": [0, 0, -5.32059],
						"0.2083": [0, 0, 17.62428],
						"0.25": [0, 0, -5.32059],
						"0.2917": [0, 0, 17.62428],
						"0.3333": [0, 0, -5.32059],
						"0.375": [0, 0, 17.62428],
						"0.4167": [0, 0, -5.32059],
						"0.4583": [0, 0, 17.62428],
						"0.5": [0, 0, -5.32059],
						"0.5417": [0, 0, 17.62428]
					}
				},
				"Head": {
					"rotation": {
						"0.0": [0, 0, -17.25915],
						"0.0417": [0, 0, -17.25915],
						"0.0833": [0, 0, -17.25915],
						"0.125": [0, 0, -17.25915],
						"0.1667": [0, 0, -17.25915],
						"0.2083": [0, 0, -17.25915],
						"0.25": [0, 0, -17.25915]
					}
				}
			}
		},
		"animation.simplemoa.walk": {
			"loop": true,
			"animation_length": 2,
			"bones": {
				"UpperLeg": {
					"rotation": {
						"0.0": {
							"vector": [0, 0, 0]
						},
						"0.5": {
							"vector": [0, 0, -25]
						},
						"1.0": {
							"vector": [0, 0, 0]
						},
						"1.5": {
							"vector": [0, 0, 25]
						},
						"2.0": {
							"vector": [0, 0, 0]
						}
					}
				},
				"UpperLeg2": {
					"rotation": {
						"0.0": {
							"vector": [0, 0, 0]
						},
						"0.5": {
							"vector": [0, 0, 25],
							"easing": "linear"
						},
						"1.0": {
							"vector": [0, 0, 0]
						},
						"1.5": {
							"vector": [0, 0, -25],
							"easing": "linear"
						},
						"2.0": {
							"vector": [0, 0, 0]
						}
					}
				},
				"LowerNeck": {
					"rotation": {
						"0.0": [0, 0, -1.25651],
						"0.0417": [0, 0, 1.82058],
						"0.0833": [0, 0, 0],
						"0.125": [0, 0, -1.25651],
						"0.1667": [0, 0, 1.82058],
						"0.2083": [0, 0, 0],
						"0.25": [0, 0, -1.25651],
						"0.2917": [0, 0, 1.82058],
						"0.3333": [0, 0, 0],
						"0.375": [0, 0, -1.25651],
						"0.4167": [0, 0, 1.82058],
						"0.4583": [0, 0, 0],
						"0.5": [0, 0, -1.25651],
						"0.5417": [0, 0, 1.82058],
						"0.5833": [0, 0, 0],
						"0.625": [0, 0, -1.25651],
						"0.6667": [0, 0, 1.82058],
						"0.7083": [0, 0, 0],
						"0.75": [0, 0, -1.25651],
						"0.7917": [0, 0, 1.82058],
						"0.8333": [0, 0, 0],
						"0.875": [0, 0, -1.25651],
						"0.9167": [0, 0, 1.82058],
						"0.9583": [0, 0, 0],
						"1.0": [0, 0, -1.25651],
						"1.0417": [0, 0, 1.82058],
						"1.0833": [0, 0, 0],
						"1.125": [0, 0, -1.25651],
						"1.1667": [0, 0, 1.82058],
						"1.2083": [0, 0, 0],
						"1.25": [0, 0, -1.25651],
						"1.2917": [0, 0, 1.82058],
						"1.3333": [0, 0, 0],
						"1.375": [0, 0, -1.25651],
						"1.4167": [0, 0, 1.82058],
						"1.4583": [0, 0, 0],
						"1.5": [0, 0, -1.25651],
						"1.5417": [0, 0, 1.82058],
						"1.5833": [0, 0, 0],
						"1.625": [0, 0, -1.25651],
						"1.6667": [0, 0, 1.82058],
						"1.7083": [0, 0, 0],
						"1.75": [0, 0, -1.25651],
						"1.7917": [0, 0, 1.82058],
						"1.8333": [0, 0, 0],
						"1.875": [0, 0, -1.25651],
						"1.9167": [0, 0, 1.82058],
						"1.9583": [0, 0, 0],
						"2.0": [0, 0, -1.25651],
						"2.0417": [0, 0, 1.82058],
						"2.0833": [0, 0, 0],
						"2.125": [0, 0, -1.25651],
						"2.1667": [0, 0, 1.82058],
						"2.2083": [0, 0, 0],
						"2.25": [0, 0, -1.25651],
						"2.2917": [0, 0, 1.82058],
						"2.3333": [0, 0, 0],
						"2.375": [0, 0, -1.25651],
						"2.4167": [0, 0, 1.82058],
						"2.4583": [0, 0, 0],
						"2.5": [0, 0, -1.25651],
						"2.5417": [0, 0, 1.82058],
						"2.5833": [0, 0, 0],
						"2.625": [0, 0, -1.25651],
						"2.6667": [0, 0, 1.82058],
						"2.7083": [0, 0, 0],
						"2.75": [0, 0, -1.25651],
						"2.7917": [0, 0, 1.82058],
						"2.8333": [0, 0, 0],
						"2.875": [0, 0, -1.25651],
						"2.9167": [0, 0, 1.82058],
						"2.9583": [0, 0, 0],
						"3.0": [0, 0, -1.25651],
						"3.0417": [0, 0, 1.82058],
						"3.0833": [0, 0, 0],
						"3.125": [0, 0, -1.25651],
						"3.1667": [0, 0, 1.82058],
						"3.2083": [0, 0, 0],
						"3.25": [0, 0, -1.25651],
						"3.2917": [0, 0, 1.82058],
						"3.3333": [0, 0, 0],
						"3.375": [0, 0, -1.25651],
						"3.4167": [0, 0, 1.82058],
						"3.4583": [0, 0, 0],
						"3.5": [0, 0, -1.25651],
						"3.5417": [0, 0, 1.82058],
						"3.5833": [0, 0, 0],
						"3.625": [0, 0, -1.25651],
						"3.6667": [0, 0, 1.82058],
						"3.7083": [0, 0, 0],
						"3.75": [0, 0, -1.25651],
						"3.7917": [0, 0, 1.82058],
						"3.8333": [0, 0, 0],
						"3.875": [0, 0, -1.25651],
						"3.9167": [0, 0, 1.82058],
						"3.9583": [0, 0, 0],
						"4.0": [0, 0, -1.25651],
						"4.0417": [0, 0, 1.82058],
						"4.0833": [0, 0, 0],
						"4.125": [0, 0, -1.25651],
						"4.1667": [0, 0, 1.82058],
						"4.2083": [0, 0, 0],
						"4.25": [0, 0, -1.25651],
						"4.2917": [0, 0, 1.82058],
						"4.3333": [0, 0, 0],
						"4.375": [0, 0, -1.25651],
						"4.4167": [0, 0, 1.82058],
						"4.4583": [0, 0, 0],
						"4.5": [0, 0, -1.25651],
						"4.5417": [0, 0, 1.82058],
						"4.5833": [0, 0, 0],
						"4.625": [0, 0, -1.25651],
						"4.6667": [0, 0, 1.82058],
						"4.7083": [0, 0, 0],
						"4.75": [0, 0, -1.25651],
						"4.7917": [0, 0, 1.82058],
						"4.8333": [0, 0, 0],
						"4.875": [0, 0, -1.25651],
						"4.9167": [0, 0, 1.82058],
						"4.9583": [0, 0, 0],
						"5.0": [0, 0, -1.25651],
						"5.0417": [0, 0, 1.82058],
						"5.0833": [0, 0, 0],
						"5.125": [0, 0, -1.25651],
						"5.1667": [0, 0, 1.82058],
						"5.2083": [0, 0, 0],
						"5.25": [0, 0, -1.25651],
						"5.2917": [0, 0, 1.82058],
						"5.3333": [0, 0, 0],
						"5.375": [0, 0, -1.25651],
						"5.4167": [0, 0, 1.82058],
						"5.4583": [0, 0, 0],
						"5.5": [0, 0, -1.25651],
						"5.5417": [0, 0, 1.82058],
						"5.5833": [0, 0, 0],
						"5.625": [0, 0, -1.25651],
						"5.6667": [0, 0, 1.82058],
						"5.7083": [0, 0, 0],
						"5.75": [0, 0, -1.25651],
						"5.7917": [0, 0, 1.82058],
						"5.8333": [0, 0, 0],
						"5.875": [0, 0, -1.25651],
						"5.9167": [0, 0, 1.82058],
						"5.9583": [0, 0, 0]
					}
				},
				"UpperNeck": {
					"rotation": {
						"0.0": [0, 0, -5.32059],
						"0.0417": [0, 0, 17.62428],
						"0.0833": [0, 0, -5.32059],
						"0.125": [0, 0, 17.62428],
						"0.1667": [0, 0, -5.32059],
						"0.2083": [0, 0, 17.62428],
						"0.25": [0, 0, -5.32059],
						"0.2917": [0, 0, 17.62428],
						"0.3333": [0, 0, -5.32059],
						"0.375": [0, 0, 17.62428],
						"0.4167": [0, 0, -5.32059],
						"0.4583": [0, 0, 17.62428],
						"0.5": [0, 0, -5.32059],
						"0.5417": [0, 0, 17.62428],
						"0.5833": [0, 0, -5.32059],
						"0.625": [0, 0, 17.62428],
						"0.6667": [0, 0, -5.32059],
						"0.7083": [0, 0, 17.62428],
						"0.75": [0, 0, -5.32059],
						"0.7917": [0, 0, 17.62428],
						"0.8333": [0, 0, -5.32059],
						"0.875": [0, 0, 17.62428],
						"0.9167": [0, 0, -5.32059],
						"0.9583": [0, 0, 17.62428],
						"1.0": [0, 0, -5.32059],
						"1.0417": [0, 0, 17.62428],
						"1.0833": [0, 0, -5.32059],
						"1.125": [0, 0, 17.62428],
						"1.1667": [0, 0, -5.32059],
						"1.2083": [0, 0, 17.62428],
						"1.25": [0, 0, -5.32059],
						"1.2917": [0, 0, 17.62428],